No,Nama_Bahan,Porsi_g,Kalori_kal,Karbohidrat_g,Protein_g,Lemak_g,Serat_g
1,Nasi,100,180.0,39.8,3.0,0.3,0.2
2,Nasi tim,100,120.0,26.0,2.4,0.4,0.5
3,Tapai beras,100,99.0,22.4,1.7,0.3,
4,"Tepung beras, mentah",100,353.0,80.0,7.0,0.5,2.4
5,Nasi beras merah,100,149.0,32.5,2.8,0.4,0.3
6,"Bihun, mentah",100,348.0,82.1,4.7,0.1,1.2
7,Bihun goreng instan,100,381.0,80.3,6.1,3.9,
8,"Bihun Jagung, mentah",100,354.0,87.4,0.5,0.3,3.0
9,Nasi jagung,100,357.0,79.5,8.8,0.5,6.2
10,"Jagung muda, rebus",100,142.0,30.3,5.0,0.7,0.8
11,"Jagung kuning, tepung",100,355.0,73.7,9.2,3.9,7.2
12,"Jagung kuning pipil, rebus",100,154.0,28.4,3.8,3.5,0.7
13,Tepung jagung putih,100,355.0,73.7,9.2,3.9,7.2
14,Ketupat ketan,100,212.0,38.6,4.0,4.6,0.2
15,"Ketan hitam, matang",100,181.0,37.3,4.0,1.2,0.3
16,Tapai ketan hitam,100,166.0,34.4,3.8,1.0,0.3
17,"Ketan putih, matang",100,163.0,35.7,3.0,0.4,0.2
18,Tapai ketan putih,100,172.0,37.5,3.0,0.5,0.6
19,"Maizena, tepung",100,341.0,85.0,0.3,,7.0
20,"Makaroni, mentah",100,353.0,78.7,8.7,0.4,4.9
21,Mi basah,100,88.0,14.0,0.6,3.3,0.1
22,Mi kering,100,339.0,6.3,10.0,1.7,0.4
23,Misoa,100,345.0,78.0,8.5,2.2,0.5
24,Roti putih,100,248.0,50.0,8.0,1.2,9.1
25,Tepung terigu,100,333.0,77.2,9.0,1.0,0.3
26,Amparan tatak,100,191.0,34.0,1.3,5.5,
27,"Apang kukus, kue",100,202.0,46.7,3.0,0.3,
28,"Apem, kue",100,148.0,33.9,2.0,0.5,
29,Biskuit,100,458.0,75.1,6.9,14.4,2.1
30,"Bakpia, kue",100,272.0,44.1,8.7,6.7,0.9
31,Bakwan,100,280.0,39.0,8.2,10.2,3.4
32,Bantal,100,190.0,43.5,3.3,0.3,3.4
33,Baruasa,100,417.0,79.3,6.5,8.2,
34,Batar daan,100,107.0,19.6,2.2,2.2,
35,Bika ambon,100,199.0,44.4,2.1,1.5,0.3
36,Bingka,100,273.0,39.1,5.3,10.6,
37,Bobengka,100,225.0,45.2,5.3,2.6,
38,Bolu peca,100,197.0,35.6,3.3,4.6,
39,Brem,100,249.0,58.0,3.4,0.4,
40,Bubur tinotuan (Manado),100,156.0,15.6,2.3,0.2,8.2
41,Cake tape,100,323.0,50.1,4.9,11.5,1.4
42,Cangkuning,100,204.0,31.4,2.8,7.5,
43,Dodol bali,100,298.0,65.9,3.7,2.1,0.4
44,Dodol galamai,100,348.0,76.1,0.4,3.8,0.5
45,Dodol kedondong,100,331.0,63.8,1.9,7.6,1.0
46,Dodol manado,100,373.0,51.9,4.3,16.5,0.4
47,Emping beras,100,403.0,85.3,10.6,2.2,0.2
48,Gemblong,100,274.0,55.5,1.7,5.4,2.2
49,Gendar goreng,100,407.0,32.0,6.4,28.2,0.1
50,Intip goreng,100,474.0,62.3,7.6,21.6,1.2
51,Jagung gerontol,100,156.0,33.3,2.7,1.3,1.0
52,Jagung titi,100,374.0,79.1,9.4,2.2,0.8
53,Japilus,100,500.0,67.3,1.2,25.1,0.4
54,Kakicak,100,296.0,36.7,3.4,15.1,
55,Kambose,100,164.0,32.6,3.0,2.4,4.3
56,Kapusa,100,158.0,27.8,4.4,3.2,5.3
57,Keddo bodong,100,290.0,55.2,4.6,5.7,
58,"Kelepon, kue",100,215.0,41.8,3.7,3.7,1.0
59,Kereput,100,580.0,51.1,4.8,39.6,
60,Ketoprak,100,153.0,13.0,7.9,7.7,2.9
61,Ketupat kandangan,100,109.0,13.4,2.2,5.2,
62,Koya,100,366.0,77.5,4.2,4.3,0.8
63,Koya mirasa,100,370.0,82.2,8.0,1.0,0.4
64,Koyabu,100,241.0,47.2,3.4,4.3,
65,Kue ali,100,440.0,64.5,3.8,18.5,0.3
66,Kue bangen,100,442.0,74.2,3.3,14.7,
67,Kue gelang,100,448.0,70.0,5.8,16.1,
68,Kue jahe,100,425.0,84.6,1.6,8.8,1.2
69,Kue kelapa,100,591.0,47.5,5.6,42.1,
70,Kue koa,100,340.0,79.3,4.8,0.4,
71,Kue ku temu,100,214.0,49.6,3.5,0.2,
72,Kue lumpur,100,291.0,44.1,3.6,11.1,
73,Kue pelita,100,141.0,17.6,5.3,5.5,
74,Kue putu cangkir,100,304.0,54.9,5.3,7.0,0.9
75,Kue sus,100,221.0,24.8,7.5,10.2,
76,Kue thipan,100,247.0,49.5,2.9,4.2,
77,Laksa/Putu mayang,100,121.0,21.1,1.7,3.4,
78,Lapis legit,100,389.0,55.5,6.6,15.7,0.5
79,Lupis ketan,100,164.0,34.5,1.8,2.1,0.7
80,Manan samin,100,379.0,50.6,3.4,18.1,
81,Martabak india,100,153.0,24.3,4.5,4.2,
82,Martabak mesir,100,278.0,45.0,5.1,8.6,
83,Masekat,100,369.0,74.1,2.1,7.0,4.0
84,Mie aceh rebus,100,113.0,18.1,3.0,3.2,
85,Mie ayam,100,102.0,10.5,6.2,3.9,
86,Mie bakso,100,114.0,16.4,5.3,3.0,0.1
87,Mie celon,100,102.0,17.8,3.0,2.1,
88,Mie pangsit basah,100,105.0,9.4,5.9,4.9,
89,Nasi gemuk,100,192.0,24.4,3.8,8.8,0.7
90,Nasi gurih,100,190.0,26.0,4.7,7.5,0.7
91,Nasi minyak,100,207.0,37.1,3.5,5.0,0.8
92,Nasi rames,100,155.0,19.1,10.3,4.2,
93,Nopia spesial,100,387.0,74.3,5.3,7.6,0.3
94,Onde-onde,100,336.0,57.9,4.0,9.8,
95,Padamaran,100,171.0,18.8,3.9,8.9,
96,Pastel,100,307.0,42.4,4.5,13.3,
97,Pulut,100,216.0,44.4,2.6,3.1,
98,Pundut nasi,100,104.0,15.1,1.9,4.1,0.4
99,Putri selat,100,163.0,23.8,2.2,6.5,
100,Putu sopa,100,215.0,41.1,3.3,4.1,
101,Renggi goreng,100,471.0,64.1,4.7,21.8,6.4
102,Roti boong,100,341.0,43.3,5.5,16.2,
103,Roti warna sawo matang,100,249.0,49.7,7.9,1.5,
104,Sarimuka,100,166.0,32.9,2.3,2.8,
105,Spaghetti,100,139.0,22.6,7.4,2.1,
106,Srikaya ketan,100,265.0,49.1,2.7,6.4,
107,Sunduk lawang,100,181.0,32.4,1.9,1.3,
108,Suwir-suwir,100,347.0,84.2,0.5,0.9,0.8
109,Tipa-tipa,100,355.0,79.8,6.2,1.2,1.3
110,Wajit camilan,100,303.0,63.3,6.3,2.7,6.9
111,Widaran,100,424.0,80.7,1.3,10.7,0.2
112,Wingko babat,100,355.0,51.4,3.2,15.1,2.4
113,Yangko,100,254.0,58.1,3.0,1.1,0.8
114,Putri hijau,100,189.0,37.2,5.4,2.1,
115,"Beras giling, mentah",100,357.0,77.1,8.4,1.7,0.2
116,"Beras giling var pelita, mentah",100,369.0,77.1,9.5,1.4,0.4
117,"Beras giling var rojolele, mentah",100,357.0,77.1,8.4,1.7,0.2
118,"Beras hitam, mentah",100,351.0,76.9,8.0,1.3,20.1
119,"Beras jagung kuning, kering, mentah",100,358.0,82.7,5.5,0.1,10.0
120,"Beras jagung putih, kering, mentah",100,307.0,71.8,4.8,0.1,10.0
121,"Beras ketan hitam tumbuk, mentah",100,360.0,74.5,8.0,2.3,1.0
122,"Beras ketan putih tumbuk, mentah",100,361.0,78.4,7.4,0.8,0.4
123,"Beras ladang, mentah",100,376.0,78.0,7.5,3.8,5.9
124,"Beras menir, mentah",100,362.0,73.0,7.7,4.4,0.2
125,Beras parboiled,100,353.0,80.0,6.8,0.6,0.5
126,"Beras tumbuk, mentah",100,354.0,79.9,7.8,0.4,3.8
127,"Beras tumbuk merah, mentah",100,352.0,76.2,7.3,0.9,0.8
128,"Cantel, mentah",100,366.0,73.0,11.0,3.3,1.2
129,"Jagung muda, kuning, mentah",100,147.0,31.5,5.1,0.7,1.3
130,"Jagung kuning pipil, kering, mentah",100,366.0,69.1,9.8,7.3,2.2
131,"Jagung pipil var. harapan, kering",100,367.0,76.2,6.2,5.1,2.6
132,"Jagung pipil var. metro, kering",100,368.0,78.0,5.5,4.6,2.9
133,"Jali, mentah",100,324.0,61.0,11.0,4.0,3.1
134,"Jawawut, mentah",100,364.0,73.4,9.7,3.5,8.2
135,"Jampang huma, mentah",100,350.0,78.2,6.2,1.4,1.7
136,"Batatas kelapa, ubi, bakar",100,110.0,23.4,1.4,1.1,4.5
137,"Batatas kelapa, ubi, kukus",100,92.0,21.0,1.2,0.3,4.1
138,"Batatas tali, ubi, rebus",100,182.0,42.2,2.4,0.4,9.2
139,"Belitung, talas, kukus",100,145.0,34.2,1.2,0.4,1.0
140,"Bentul, talas, kukus",100,71.0,15.4,2.3,0.3,0.5
141,"Gadung, ubi, kukus",100,88.0,20.9,0.6,0.3,0.9
142,"Ganyong, rebus",100,100.0,23.8,0.8,0.2,0.9
143,Ketela pohon/singkong kukus,100,153.0,36.4,1.2,0.3,1.3
144,"Suweg, talas, kukus",100,93.0,21.9,1.5,0.1,0.9
145,"Talas bogor, kukus",100,120.0,28.2,1.5,0.3,0.7
146,"Ubi jalar, kuning, kukus",100,100.0,23.8,0.7,0.3,1.0
147,Ubi jalar tinta/ kemayung kukus,100,165.0,39.8,0.9,0.2,1.1
148,Bagea kelapa asin,100,450.0,78.1,3.2,13.9,
149,Bagea kelapa manis,100,452.0,80.6,1.3,13.8,
150,Bagea kenari asin,100,529.0,63.6,3.2,29.1,
151,Bagea kenari manis,100,523.0,64.2,3.2,28.2,
152,Bagea kw 1,100,416.0,76.3,6.5,9.4,0.4
153,Bagea kw 2,100,382.0,87.2,0.3,3.5,0.9
154,Beras Cerdas,100,350.0,82.3,2.7,1.1,6.2
155,Beras ganyong,100,364.0,86.3,3.4,0.7,4.7
156,Beras Siger,100,344.0,28.3,1.1,0.2,5.6
157,Biji nangka/Biji salak,100,262.0,51.1,2.3,5.4,8.0
158,Bubur sagu,100,167.0,33.0,0.2,4.0,
159,Cassavastick,100,460.0,17.2,0.8,18.7,1.6
160,Ceriping getuk singkong,100,462.0,67.7,1.2,20.7,0.6
161,Gatot,100,347.0,83.8,1.3,0.7,5.8
162,Geblek,100,195.0,44.4,0.4,1.7,3.6
163,Getuk goreng,100,360.0,74.3,1.3,6.4,0.8
164,Getuk singkong,100,204.0,47.4,0.5,1.4,0.8
165,Gurandil,100,218.0,48.5,0.5,2.5,3.1
166,Kabuto,100,250.0,35.4,2.6,2.5,1.8
167,Kapurung,100,41.0,7.8,2.0,0.3,2.0
168,Kecimpring singkong goreng,100,464.0,73.0,1.2,18.6,1.3
169,Keremes,100,475.0,64.4,1.6,25.2,2.1
170,Keripik gadung,100,446.0,76.0,2.8,14.5,1.7
171,Keripik kentang,100,448.0,67.1,2.7,18.8,3.8
172,Keripik singkong,100,478.0,72.0,0.9,20.7,2.0
173,Keripik singkong berbumbu,100,481.0,73.6,2.2,19.7,1.6
174,Keripik ubi,100,486.0,67.6,0.2,23.9,14.3
175,Kerupuk cumi goreng,100,444.0,71.3,6.9,14.6,5.0
176,Kerupuk kemplang (ikan) mentah,100,325.0,78.5,1.8,0.4,4.5
177,Kerupuk kemplang goreng,100,504.0,57.1,5.6,28.1,0.3
178,Kerupuk kemplang panggang,100,356.0,76.9,9.7,1.1,1.0
179,Kerupuk mie kuning goreng,100,476.0,71.3,0.1,21.1,4.2
180,Kerupuk udang goreng,100,477.0,68.5,4.7,20.5,5.0
181,Kue bangket,100,338.0,80.3,1.5,1.2,
182,Kue putu singkong,100,217.0,53.2,1.2,0.5,2.4
183,Lanting getuk,100,422.0,80.4,0.9,10.8,1.4
184,Mi golosor,100,71.0,15.9,0.2,0.8,0.1
185,Mie Bendo,100,353.0,88.0,0.3,,2.4
186,Mie Sagu,100,190.0,46.5,0.2,0.4,1.4
187,Ongol-ongol sagu,100,111.0,21.2,0.3,2.7,0.3
188,Oyek,100,351.0,84.9,0.9,0.9,4.3
189,Papeda,100,61.0,14.9,0.2,0.1,0.5
190,Rasbi (Beras Ubi),100,394.0,76.6,2.2,8.8,6.8
191,Rasi (Beras Singkong),100,350.0,85.7,0.9,0.4,14.4
192,Sagu forno,100,291.0,63.4,0.5,4.0,
193,Sagu Lemak (Kue Sagon),100,452.0,76.8,2.8,14.8,1.1
194,Sagu manis,100,287.0,62.4,0.5,3.9,
195,Sagu Rendang,100,364.0,90.5,0.1,0.2,1.9
196,Sagu sinole,100,354.0,68.9,0.8,8.3,
197,Serimping talas kebumen,100,478.0,69.2,2.5,21.2,1.7
198,Tapai singkong,100,169.0,40.2,1.4,0.3,2.0
199,Tepung Arrowroot,100,355.0,85.2,0.7,0.2,0.4
200,Tepung Ganyong,100,353.0,83.6,0.8,1.7,0.7
201,Tepung Gaplek,100,345.0,83.1,2.4,0.4,6.7
202,"Tepung kentang, kering",100,347.0,85.6,0.3,0.1,0.4
203,Tepung Mocaf,100,350.0,85.0,1.2,0.6,6.0
204,Tepung Sente,100,326.0,76.7,4.0,0.4,8.5
205,Tepung singkong/ Tapioka,100,363.0,88.2,1.1,0.5,0.9
206,Tepung Tales Beneng,100,332.0,76.1,5.7,0.6,12.2
207,Tepung Ubi Ungu,100,354.0,84.4,2.8,0.6,12.9
208,Tiwul,100,353.0,83.4,2.4,1.1,6.5
209,Tiwul Instan,100,395.0,76.5,3.2,8.5,4.2
210,Ubi Cilembu,100,186.0,44.3,1.9,0.2,3.4
211,Uli batatas,100,150.0,27.4,1.1,4.0,
212,"Arrowroot, segar",100,102.0,24.1,1.0,0.2,1.7
213,"Batatas gembili, segar",100,76.0,16.0,1.1,0.9,4.2
214,"Batatas kelapa, ubi, segar",100,89.0,21.0,1.1,0.1,4.0
215,"Belitung, talas, segar",100,145.0,34.2,1.2,0.4,1.5
216,"Bengkuang, segar",100,59.0,12.8,1.4,0.2,1.0
217,"Bentul (Komba), talas, segar",100,98.0,20.9,1.6,0.7,0.7
218,"Gadeng/Gadung, kering",100,322.0,76.6,2.4,0.6,
219,"Gadung, ubi, segar",100,100.0,23.5,0.9,0.3,2.1
220,"Ganyong, segar",100,77.0,18.4,0.6,0.2,0.8
221,"Gembili, ubi, segar",100,131.0,31.3,1.1,0.2,1.1
222,"Hofa/Ubi hutan, segar",100,127.0,29.5,1.2,0.5,3.4
223,"Kaburan, ubi, segar",100,133.0,32.2,1.0,0.2,0.7
224,"Kentang, segar",100,62.0,13.5,2.1,0.2,0.5
225,"Kentang hitam, segar",100,142.0,33.7,0.9,0.4,5.4
226,"Keribang, ubi, segar",100,137.0,29.8,1.3,1.1,0.6
227,"Ketela pohon/ singkong, segar",100,154.0,36.8,1.0,0.3,0.9
228,Lepok/Ubi rumput,100,181.0,39.8,2.8,1.2,10.7
229,"Sagu aren, kering",100,355.0,85.6,0.6,1.1,0.3
230,"Sagu aren, segar",100,231.0,56.6,0.6,0.2,3.2
231,Sagu kasbi segar,100,230.0,56.5,0.6,0.2,3.0
232,Sagu lempeng,100,347.0,85.2,0.9,0.3,4.7
233,"Sagu singkong, kering",100,362.0,86.9,0.5,0.3,
234,"Sente, talas, segar",100,353.0,84.7,0.7,0.2,6.6
235,"Suweg, talas, segar",100,74.0,17.2,1.4,0.1,1.4
236,"Talas bogor, segar",100,108.0,25.0,1.4,0.4,0.9
237,"Talas pontianak, segar",100,163.0,36.4,2.3,0.5,0.7
238,"Talas viqueque, segar",100,115.0,25.9,1.8,0.5,8.6
239,"Ubi jalar, kuning, segar",100,119.0,25.1,0.5,0.4,4.2
240,"Ubi jalar manis, segar",100,83.0,18.8,1.5,0.2,0.6
241,"Ubi jalar merah, segar",100,151.0,35.4,1.6,0.3,0.7
242,"Ubi jalar putih, segar",100,88.0,20.6,0.4,0.4,4.0
243,Ubi jalar tinta/ kemayung,100,108.0,25.6,0.5,0.4,4.2
244,"Umbi Uwi, segar",100,120.0,82.3,2.8,0.5,2.6
245,"Kacang belimbing (kecipir), rebus",100,204.0,17.5,16.9,8.8,4.8
246,"Kacang bogor, goreng",100,479.0,58.9,12.7,23.2,1.2
247,"Kacang bogor, rebus",100,161.0,27.1,7.7,2.8,2.0
248,"Kacang gude, rebus",100,147.0,27.5,9.0,0.5,3.4
249,"Kacang hijau, rebus",100,109.0,18.3,8.7,0.5,1.5
250,"Kacang kedelai, goreng",100,521.0,22.9,32.2,37.7,7.6
251,"Kacang kedelai, rebus",100,189.0,12.7,20.2,8.2,1.6
252,"Kacang merah kering, rebus",100,158.0,28.2,10.3,0.9,2.6
253,"Kacang merah segar, rebus",100,144.0,24.7,10.0,1.0,3.5
254,"Kacang mete/biji jambu monyet, goreng",100,629.0,19.8,20.4,56.3,1.1
255,Kacang tanah rebus dg kulit,100,360.0,12.8,13.5,31.2,
256,"Kacang tanah, goreng",100,564.0,25.5,25.5,44.4,2.8
257,"Kacang tanah, rebus",100,220.0,8.0,10.6,18.0,1.0
258,"Kacang tolo / tunggak, rebus",100,138.0,22.6,10.7,1.1,0.9
259,Ampas kacang hijau,100,96.0,19.1,3.7,0.6,2.7
260,"Ampas tahu, mentah",100,67.0,8.1,5.0,2.1,4.1
261,Ampas tahu kukus,100,75.0,10.7,4.1,2.1,5.1
262,"Ampas tahu, kering",100,414.0,41.3,26.6,18.3,
263,Pepes oncom ampas tahu,100,76.0,10.6,5.2,1.8,2.2
264,Bungkil biji karet,100,333.0,50.0,29.3,3.3,
265,Bungkil kacang tanah,100,336.0,30.5,37.4,13.0,
266,Bungkil kelapa,100,368.0,40.0,23.0,15.0,
267,Dodol banjarmasin,100,368.0,70.0,2.6,8.6,0.5
268,Emping (kerupuk melinjo),100,345.0,71.5,12.0,1.5,
269,Emping komak,100,355.0,60.7,17.8,4.6,
270,Enting-enting gepuk hello kity,100,538.0,52.6,13.6,30.3,0.2
271,Enting-enting gepuk kacang tanah,100,524.0,52.0,13.3,29.2,0.2
272,Enting-enting wijen,100,565.0,36.8,18.2,38.4,1.9
273,Geplak,100,350.0,53.6,1.4,14.4,1.8
274,Geplak jahe,100,462.0,57.7,3.1,24.4,3.3
275,Kacang atom,100,533.0,28.8,27.8,38.1,2.5
276,Kacang goyang,100,516.0,44.4,14.7,31.1,
277,Kacang negara,100,480.0,58.5,18.4,19.1,11.7
278,Kacang sukro,100,484.0,57.7,8.8,26.1,1.8
279,Kacang tanah sari,100,561.0,26.0,25.5,43.8,2.2
280,Keju kacang tanah (peanut butter),100,590.0,20.9,27.0,49.0,1.6
281,Kembang tahu,100,380.0,23.3,48.9,13.8,
282,Kembang tahu rebus,100,90.0,4.7,10.7,4.0,
283,Keripik oncom,100,598.0,42.6,8.3,43.8,3.3
284,Keripik tempe,100,581.0,41.7,12.1,40.6,2.2
285,Keripik tempe abadi besar,100,556.0,39.8,15.8,37.1,3.5
286,Keripik tempe abadi murni,100,542.0,11.6,40.3,42.4,2.2
287,Keripik tempe abadi sedang,100,510.0,52.4,12.3,27.9,3.6
288,Keripik tempe abadi telur,100,529.0,40.2,20.8,31.7,3.0
289,Keripik tempe abadi prima,100,540.0,42.0,16.7,33.9,2.2
290,Kwaci,100,515.0,13.8,30.6,42.1,13.6
291,Melinjo emping tebal goreng manis,100,439.0,65.7,10.0,16.4,
292,"Melinjo emping tebal, goreng asin",100,431.0,63.0,11.1,16.2,
293,Melinjo emping tipis goreng,100,485.0,59.1,11.5,24.5,
294,Moon tahu,100,128.0,1.3,8.0,10.0,0.2
295,Oncom,100,187.0,22.6,13.0,6.0,
296,Oncom ampas kacang hijau,100,376.0,65.7,14.9,6.0,12.3
297,Oncom kacang hijau + singkong,100,351.0,65.9,11.0,5.3,9.0
298,Oncom kacang tanah pepes,100,132.0,13.7,12.7,3.8,3.1
299,Rempeyek kacang tanah,100,513.0,44.3,17.5,32.5,1.7
300,Rempeyek kacang tolo,100,451.0,59.7,11.2,20.2,1.8
301,Rempeyek kacang uci,100,497.0,50.8,17.0,27.6,2.4
302,Sayur lebui,100,64.0,12.5,2.1,0.6,5.7
303,"Saridele, bubuk",100,344.0,43.0,30.0,20.0,6.2
304,Susu kedelai,100,41.0,5.0,3.5,2.5,0.2
305,"Tahu, mentah",100,80.0,0.8,10.9,4.7,0.1
306,Tahu goreng,100,115.0,2.5,9.7,8.5,0.1
307,Tahu telur,100,328.0,24.6,12.6,19.9,0.4
308,Takwa,100,148.0,4.0,13.8,8.5,
309,Tauco,100,184.0,22.2,11.4,5.5,1.9
310,"Tauco cap beruang, cake",100,347.0,67.6,7.4,5.2,3.2
311,"Tauco cap DAS, cake",100,358.0,70.4,7.5,4.3,3.1
312,Tauco cap meong,100,159.0,21.3,7.4,4.9,1.6
313,Tauji cap singa,100,277.0,49.6,9.1,4.7,1.2
314,Tempe bongkrek,100,119.0,18.3,4.4,3.5,
315,Tempe gembus P3G,100,73.0,10.3,5.7,1.3,4.2
316,Tempe gembus yogya,100,76.0,10.6,6.8,0.7,5.3
317,Tempe kacang babi,100,139.0,21.9,12.5,0.8,1.8
318,Tempe kecipir (kacang belimbing),100,212.0,12.9,17.5,10.0,2.9
319,Tempe kedelai + jagung,100,143.0,11.4,12.0,5.5,1.9
320,"Tempe kedelai murni, goreng",100,350.0,10.4,24.5,26.6,4.2
321,"Tempe kedelai murni, mentah",100,201.0,13.5,20.8,8.8,1.4
322,Tempe koro benguk,100,141.0,23.2,10.2,1.3,
323,Tempe lamtoro,100,128.0,21.3,10.7,0.5,7.1
324,Tempe lamtoro var. gung dengan kulit,100,146.0,19.6,11.7,2.3,7.6
325,Tempe lamtoro var. gung tanpa kulit,100,131.0,13.0,18.0,0.8,1.3
326,Tempe pasar,100,150.0,9.1,14.0,7.7,1.4
327,Tempe pasar goreng,100,336.0,7.8,20.0,28.0,3.4
328,Tepung hunkwe (pati kacang ijo),100,364.0,83.5,4.5,1.0,16.1
329,Tepung Jalejo,100,388.0,61.2,19.0,7.5,5.8
330,Tepung kacang kedelai,100,347.0,29.9,35.9,20.6,5.8
331,"Kacang arab, kering",100,330.0,60.2,23.8,1.4,17.4
332,"Kacang babi, kering",100,341.0,51.3,30.4,3.2,4.5
333,"Kacang belimbing (kecipir), kering",100,400.0,34.1,34.4,16.9,10.7
334,"Kacang beracun, segar",100,118.0,21.6,4.4,1.5,
335,"Kacang bogor, kering",100,370.0,65.0,16.0,6.0,26.3
336,"Kacang bogor, segar",100,165.0,27.4,7.7,3.1,2.5
337,"Kacang endel, biji, kering",100,331.0,58.0,25.0,1.0,23.6
338,"Kacang ercis, segar",100,129.0,18.3,12.4,0.7,28.6
339,"Kacang galing, segar",100,336.0,59.5,23.1,1.7,
340,"Kacang gude, biji, kering",100,316.0,58.0,20.7,1.0,4.6
341,"Kacang gude, biji, segar",100,114.0,20.8,7.0,0.6,4.4
342,"Kacang hijau var. bakti, kering",100,350.0,70.7,17.1,1.8,5.7
343,"Kacang hijau var. siwalik, kering",100,339.0,64.6,20.8,2.1,7.4
344,"Kacang hijau, kering",100,323.0,56.8,22.9,1.5,7.5
345,"Kacang hitam, kering",100,346.0,66.1,16.6,1.7,22.8
346,"Kacang kapri, segar",100,98.0,17.7,6.7,0.4,6.2
347,"Kacang kedelai, kering",100,381.0,24.9,40.4,16.7,3.2
348,"Kacang kedelai, segar",100,286.0,30.1,30.2,15.6,
349,"Kacang kincai, kering",100,444.0,55.0,19.9,16.0,
350,"Kacang komak, segar",100,327.0,55.8,16.4,4.3,0.5
351,"Kacang kuning, kering",100,355.0,66.0,17.0,2.5,15.1
352,"Kacang lebui /iris, kering",100,346.0,66.6,16.5,1.5,37.3
353,"Kacang mentega, kering",100,344.0,64.6,16.7,2.1,13.0
354,"Kacang merah/banda, kering",100,350.0,66.9,13.9,3.0,26.3
355,"Kacang merah tua, kering",100,280.0,63.2,16.7,1.6,4.6
356,"Kacang merah, kering",100,314.0,56.2,22.1,1.1,4.0
357,"Kacang merah, segar",100,171.0,28.0,11.0,2.2,2.1
358,"Kacang mete/biji jambu monyet, segar",100,616.0,28.7,16.3,48.4,0.9
359,"Kacang panjang, biji, kering",100,357.0,68.6,17.3,1.5,10.6
360,Kacang tanah sangan,100,560.0,24.1,29.5,43.0,2.9
361,Kacang tanah sangan tanpa selaput,100,559.0,23.6,26.9,44.2,2.6
362,"Kacang tanah, kering",100,525.0,17.4,27.9,42.7,2.4
363,"Kacang tolo / tunggak, kering",100,331.0,56.6,24.4,1.9,1.6
364,"Kacang tunis, kering",100,351.0,72.9,12.2,1.2,29.5
365,"Kacang uci, kering",100,358.0,60.6,23.4,2.4,7.4
366,"Kacang urei, kering",100,354.0,69.3,12.8,1.8,26.1
367,"Kenari banda, kering",100,616.0,13.7,13.9,56.2,
368,"Kenari, kering",100,657.0,13.0,15.0,66.0,
369,"Komak polong, segar",100,99.0,21.2,3.3,0.1,10.3
370,"Koro andong, kering",100,356.0,61.6,20.5,4.1,7.0
371,"Koro benguk, biji, kering",100,332.0,55.0,24.0,3.0,5.6
372,"Koro kerupuk, biji, segar",100,125.0,22.1,8.3,0.7,2.2
373,"Koro loke, biji, segar",100,33.0,7.9,2.7,0.2,3.5
374,"Koro roay, kering",100,344.0,69.4,12.5,2.1,7.5
375,"Koro wedus, biji, kering",100,338.0,61.0,22.2,1.5,5.8
376,"Lamtoro biji, muda, segar",100,85.0,15.4,5.7,0.3,10.8
377,"Lamtoro biji, tua, segar",100,148.0,26.2,10.6,0.5,17.0
378,Lamtoro var. gung tanpa kulit,100,367.0,32.5,46.4,5.4,2.6
379,Lamtoro var. lokal dengan kulit,100,336.0,59.7,23.8,1.2,15.4
380,"Nangka, biji, segar",100,165.0,36.7,4.2,0.1,1.8
381,"Saga merah terkupas, mentah",100,449.0,31.9,30.6,25.5,3.5
382,"Wijen, mentah",100,568.0,18.1,19.3,51.1,3.6
383,"Bayam, kukus",100,30.0,5.8,1.3,0.7,1.2
384,"Bayam, rebus",100,23.0,3.7,1.2,0.6,1.1
385,"Buncis, rebus",100,30.0,6.4,2.2,0.2,1.5
386,"Daun kacang panjang, kukus",100,40.0,8.0,3.7,0.3,1.8
387,"Daun katuk, rebus",100,53.0,9.1,5.3,0.9,1.2
388,"Daun kelor, rebus",100,61.0,10.0,6.1,0.9,0.9
389,"Daun mengkudu, kukus",100,63.0,11.5,3.8,1.5,2.4
390,"Daun singkong, rebus",100,31.0,4.8,3.7,0.6,1.6
391,"Daun talas, rebus",100,27.0,5.9,1.3,0.2,1.6
392,"Daun ubi merah, kukus",100,56.0,13.0,3.1,0.3,1.5
393,"Kacang panjang, kukus",100,39.0,7.6,3.0,0.6,1.7
394,"Kacang panjang, rebus",100,30.0,5.8,2.3,0.4,1.4
395,"Kangkung, kukus",100,30.0,4.7,3.2,0.7,1.8
396,"Kangkung, rebus",100,22.0,3.1,2.5,0.6,1.2
397,"Paria putih, kukus",100,16.0,3.4,0.8,0.2,1.2
398,"Selada, rebus",100,19.0,2.9,2.7,0.2,0.7
399,"Taoge, goreng",100,88.0,14.0,3.2,2.1,0.7
400,"Taoge, seduh",100,28.0,4.0,3.0,0.8,1.0
401,"Terung panjang, kukus",100,23.0,4.9,1.8,0.1,0.4
402,"Wortel, rebus",100,28.0,6.3,0.7,0.5,0.8
403,"Wortel, kukus",100,37.0,8.3,1.0,0.6,1.1
404,"Asinan Bogor, sayuran",100,98.0,14.8,3.9,2.6,0.5
405,"Anyang, sayur",100,126.0,10.3,3.4,7.9,5.4
406,"Ares, sayur",100,113.0,11.2,0.9,7.2,4.7
407,Arwan sirsir,100,277.0,10.7,2.4,25.0,4.6
408,Beberuk,100,65.0,3.5,1.1,5.2,3.1
409,Botok lamtoro,100,186.0,13.0,11.7,9.7,2.1
410,Buntil daun talas,100,141.0,8.0,4.4,10.2,1.8
411,Cammetutu,100,102.0,8.7,3.2,6.0,4.3
412,"Cap cai, sayur",100,97.0,4.2,5.8,6.3,0.6
413,Gado-gado,100,137.0,21.0,6.1,3.2,1.1
414,"Gudeg, sayur",100,160.0,16.0,3.3,9.2,2.3
415,Gulai pakis,100,143.0,6.0,4.0,11.4,1.4
416,Gulai pliek,100,176.0,3.2,7.3,14.9,
417,Kadada katembe,100,110.0,7.1,4.5,6.9,3.9
418,"Kaparende, sayur",100,38.0,2.6,2.4,2.0,1.5
419,"Karedok, sayur",100,92.0,14.1,2.2,3.3,1.4
420,Keripik bayam,100,586.0,50.2,4.9,40.6,0.5
421,Kotiu hinela tawang nggole,100,46.0,6.0,2.2,1.5,3.8
422,Lema/Rebung asam,100,15.0,1.9,1.0,0.4,
423,Lilin bungkus gedi,100,79.0,5.8,2.3,5.2,2.5
424,Olah-olah,100,9.0,7.1,2.1,6.0,4.4
425,Paku hinela wulelenggapaya,100,77.0,5.4,3.5,4.6,3.6
426,Pelecing kangkung,100,75.0,10.0,2.5,2.8,5.4
427,Purundawa,100,25.0,3.6,1.5,0.5,1.7
428,Rujak cingur,100,153.0,8.0,11.3,8.4,1.4
429,Sayur asem,100,29.0,5.0,0.7,0.6,0.6
430,Sayur bunga pepaya,100,49.0,9.8,1.7,0.3,2.7
431,Sayur garu,100,178.0,10.6,2.6,13.9,8.4
432,Sayur kohu-kohu,100,133.0,11.2,7.3,6.6,1.2
433,Sayur lilin-terubuk,100,36.0,4.8,2.7,0.7,1.4
434,Sayur ndusuk,100,49.0,3.6,3.1,2.5,
435,Sayur sop,100,27.0,1.0,1.3,2.0,0.3
436,Sayur umbut kelapa,100,67.0,5.1,5.2,2.9,1.4
437,Sayur umbut rotan,100,57.0,3.1,5.4,2.6,1.6
438,Shabu-shabu,100,88.0,0.8,3.2,8.0,0.9
439,Semur jengkol,100,212.0,29.1,6.0,10.0,
440,Tinira ninahu nggaluku,100,33.0,4.1,1.2,1.3,3.1
441,Tumis bayam bersantan,100,48.0,2.6,1.4,4.2,0.5
442,Waluh balamak,100,45.0,8.1,0.8,0.9,7.9
443,Woku ubi,100,143.0,15.0,3.1,7.8,7.0
444,"Akar tonjong, segar",100,45.0,10.8,1.1,0.4,1.2
445,"Ale,toge, segar",100,37.0,3.8,4.4,0.5,1.7
446,"Andaliman, segar",100,99.0,18.0,4.6,1.0,8.5
447,"Andewi, segar",100,226.0,5.3,1.6,0.2,4.1
448,"Bakung, segar",100,27.0,4.2,2.0,0.2,3.8
449,"Baligo, segar",100,15.0,3.0,0.4,0.2,0.4
450,"Bawang bombay, segar",100,43.0,10.3,1.4,0.2,2.0
451,"Bayam, segar",100,16.0,2.9,0.9,0.4,0.7
452,"Bayam merah, segar",100,41.0,6.3,2.2,0.8,2.2
453,"Bit, segar",100,41.0,9.6,1.6,0.1,2.6
454,Buah kelor,100,38.0,7.5,1.5,0.2,3.2
455,Buah merah,100,87.0,13.1,2.6,2.7,4.0
456,"Buncis, segar",100,34.0,7.2,2.4,0.3,1.9
457,"Bunga pepaya, segar",100,45.0,8.1,2.6,0.3,1.6
458,"Bunga turi, segar",100,42.0,6.1,2.0,1.1,3.3
459,"Caisin, segar",100,20.0,3.4,1.7,0.4,1.2
460,"Daun bangun-bangun, segar",100,27.0,4.0,1.3,0.6,1.0
461,"Daun bawang merah, segar",100,41.0,7.8,2.0,0.3,2.1
462,"Daun bebuas, segar",100,41.0,7.3,2.7,1.0,2.1
463,"Daun belem, segar",100,50.0,7.8,4.4,1.4,1.9
464,"Daun bluntas, segar",100,44.0,9.4,1.8,0.5,
465,"Daun gandaria, segar",100,63.0,14.0,3.1,0.3,2.1
466,"Daun gedi besar, segar",100,58.0,10.0,2.9,0.7,3.3
467,"Daun gedi kecil, segar",100,61.0,10.4,3.2,0.7,3.4
468,"Daun gelang, segar",100,30.0,5.8,1.3,0.7,1.3
469,"Daun gunda bali, segar",100,50.0,7.0,4.6,0.9,1.4
470,"Daun gunda serang, segar",100,62.0,9.2,4.2,0.9,1.3
471,"Daun jambu mete muda, segar",100,78.0,16.2,4.6,0.5,3.0
472,"Daun jampang, segar",100,34.0,5.3,3.8,0.5,1.4
473,"Daun jawaw seluang, segar",100,93.0,15.3,5.0,1.3,3.9
474,"Daun jonghe, segar",100,27.0,4.4,2.1,0.7,2.0
475,"Daun kacang ma, segar",100,36.0,6.8,2.9,0.6,1.8
476,"Daun kacang panjang, segar",100,30.0,5.8,3.1,0.3,1.7
477,"Daun kasbi/singkong karet, segar",100,92.0,10.9,4.0,3.6,5.8
478,"Daun katuk, segar",100,59.0,9.9,6.4,1.0,1.5
479,"Daun kecipir, segar",100,52.0,8.5,5.0,0.5,
480,"Daun kedondong, segar",100,59.0,13.4,3.5,0.3,10.7
481,"Daun kelor, segar",100,92.0,14.3,5.1,1.6,8.2
482,"Daun kemangi, segar",100,43.0,7.5,5.5,0.3,8.4
483,"Daun kenikir, segar",100,45.0,6.6,3.7,0.5,5.8
484,"Daun kesum, segar",100,48.0,9.1,4.5,0.8,1.6
485,"Daun kol sawi, segar",100,22.0,3.6,2.1,0.5,0.9
486,"Daun koro, segar",100,23.0,3.7,3.0,0.3,
487,"Daun kubis, segar",100,51.0,8.0,2.5,1.1,3.4
488,"Daun kumak, segar",100,14.0,2.3,1.3,0.3,0.9
489,"Daun labu siam, segar",100,34.0,4.7,4.0,0.4,3.5
490,"Daun labu waluh/kuning, segar",100,34.0,4.5,3.6,0.6,2.9
491,"Daun lamtoro, segar",100,87.0,14.4,8.3,1.8,3.3
492,"Daun leilem, segar",100,76.0,15.8,2.8,0.2,3.1
493,"Daun leunca, segar",100,49.0,8.1,4.7,0.5,
494,"Daun lobak, segar",100,30.0,5.8,2.3,0.4,3.2
495,"Daun lompong talas, segar",100,44.0,7.4,3.0,0.8,3.3
496,"Daun mangkokan, segar",100,57.0,11.8,3.7,0.3,
497,"Daun matel ambon, segar",100,71.0,11.5,6.8,1.6,4.6
498,"Daun melinjo, segar",100,104.0,21.3,5.0,1.3,10.3
499,"Daun mengkudu, segar",100,65.0,11.4,4.0,1.7,3.9
500,"Daun ndusuk, segar",100,166.0,38.8,1.7,0.5,10.7
501,"Daun oyong, segar",100,22.0,5.3,1.0,0.1,2.0
502,"Daun pakis, segar",100,39.0,6.9,4.5,0.4,2.0
503,"Daun pakis longgiho, segar",100,54.0,3.1,2.2,3.6,2.1
504,"Daun pakis wambateu, segar",100,53.0,7.2,3.4,1.2,4.8
505,"Daun paku, segar",100,29.0,6.5,3.4,0.1,4.3
506,"Daun pangi,segar",100,104.0,17.9,3.9,0.6,8.3
507,"Daun pare, segar",100,49.0,8.4,2.7,1.0,3.0
508,"Daun pepaya, segar",100,87.0,11.9,8.0,2.0,1.5
509,"Daun pohpohan, segar",100,37.0,6.9,2.5,0.8,2.6
510,"Daun selasih, segar",100,62.0,10.5,4.0,0.5,5.3
511,"Daun semanggi, segar",100,45.0,8.5,4.4,0.5,1.9
512,"Daun simpur, segar",100,53.0,7.6,3.2,2.5,1.6
513,"Daun singkil, segar",100,68.0,15.2,2.0,1.0,3.3
514,"Daun singkong, segar",100,50.0,7.1,6.2,1.1,2.4
515,"Daun singkong ambon, segar",100,144.0,25.2,12.7,1.2,10.2
516,"Daun singkong ampenan, segar",100,50.0,7.1,6.2,1.1,2.4
517,"Daun singkong kopang, segar",100,74.0,10.7,6.3,0.7,4.6
518,"Daun sintrong, segar",100,36.0,6.1,2.6,0.9,1.7
519,"Daun talas, segar",100,59.0,13.5,3.0,0.4,3.0
520,"Daun tespong, segar",100,70.0,13.9,2.9,0.3,2.3
521,"Daun ubi kuning, segar",100,62.0,11.1,3.7,0.3,6.4
522,"Daun ubi merah, segar",100,48.0,10.8,3.0,0.3,1.4
523,"Daun ubi putih, segar",100,46.0,8.2,2.8,0.2,4.8
524,"Daun ubi tinta, segar",100,55.0,11.9,1.7,0.1,7.6
525,"Eceng, segar",100,19.0,3.8,1.0,0.2,1.8
526,"Gambas (oyong), segar",100,19.0,4.1,0.8,0.2,1.3
527,"Genjer, segar",100,35.0,7.7,1.7,0.2,2.5
528,"Jagung muda / semi, segar",100,35.0,7.4,2.2,0.1,1.9
529,Jamur encik,100,296.0,62.0,9.4,1.1,
530,"Jamur kuping, kering",100,294.0,64.6,16.0,0.9,46.5
531,"Jamur kuping, segar",100,21.0,0.9,3.8,0.6,5.1
532,"Jamur merang, segar",100,30.0,4.0,3.5,0.2,2.4
533,"Jamur tiram, segar",100,30.0,5.5,1.9,0.1,3.6
534,Jamur sagu,100,48.0,2.8,1.9,3.2,1.0
535,"Jantung pisang, segar",100,32.0,7.1,1.2,0.3,3.2
536,"Jengkol, segar",100,192.0,40.7,5.4,0.3,1.5
537,"Jotang, segar",100,34.0,7.1,1.9,0.3,3.5
538,"Kabau, segar",100,130.0,25.2,6.7,0.3,2.9
539,"Kacang mekah, polong, segar",100,22.0,3.4,1.1,1.0,1.1
540,"Kacang panjang, segar",100,31.0,5.3,2.3,0.1,2.7
541,Kacang ranti polong,100,37.0,7.9,3.1,0.2,2.5
542,"Kalakai, segar",100,38.0,6.6,2.4,0.2,5.8
543,"Kangkung, segar",100,28.0,3.9,3.4,0.7,2.0
544,Kangkung tondano,100,43.0,8.4,1.8,0.2,4.3
545,"Kapri muda, segar",100,45.0,9.0,3.3,0.2,1.8
546,Karawila,100,25.0,3.5,2.3,0.2,2.1
547,"Kecipir muda, segar",100,32.0,5.8,2.9,0.2,5.5
548,"Kecombrang, segar",100,34.0,6.7,0.9,1.0,2.6
549,"Kelawi,kluwih, segar",100,118.0,27.2,1.5,0.3,5.0
550,"Kembang turi, segar",100,51.0,9.6,1.8,0.6,5.0
551,"Kerokot, segar",100,26.0,3.8,1.7,0.4,1.0
552,"Ketimun, segar",100,8.0,1.4,0.2,0.2,0.3
553,"Ketimun krai, segar",100,10.0,2.0,0.5,0.2,0.6
554,"Ketimun madura, segar",100,9.0,1.9,0.5,0.1,0.7
555,"Komak, segar",100,99.0,21.2,3.3,0.1,10.3
556,Kembang Kol,100,25.0,4.9,2.4,0.2,1.6
557,"Kol merah, kol putih",100,29.0,5.3,1.4,0.2,1.9
558,"Koro kerupuk, polong",100,128.0,22.1,8.3,0.7,
559,"Koro wedus, polong",100,46.0,7.9,3.0,0.3,3.3
560,"Kucai, segar",100,45.0,10.3,2.2,0.3,4.8
561,"Kucai muda (Lokio), segar",100,42.0,7.8,3.8,0.6,4.9
562,Kulit melinjo,100,111.0,20.7,4.5,1.1,5.0
563,"Kundur, segar",100,22.0,4.7,0.4,0.2,1.3
564,"Labu air, segar",100,19.0,3.8,0.6,0.2,0.6
565,"Labu kuning, segar",100,51.0,10.0,1.7,0.5,2.7
566,"Labu siam, segar",100,30.0,6.7,0.6,0.1,6.2
567,"Labu waluh, segar",100,32.0,6.6,1.1,0.1,0.5
568,"Lantar, segar",100,34.0,5.5,2.2,0.3,2.9
569,"Lobak, segar",100,21.0,4.2,0.9,0.1,1.4
570,"Lumai/Leunca, segar",100,38.0,7.6,1.1,0.3,2.0
571,"Melinjo, segar",100,66.0,13.3,5.0,0.7,
572,Mostarda metan - sawi hijau,100,33.0,4.7,2.3,0.5,1.8
573,"Nangka muda, segar",100,57.0,11.3,2.0,0.4,8.3
574,"Paria putih, segar",100,19.0,3.6,1.0,0.4,1.3
575,"Pepare ular, segar",100,19.0,3.9,0.6,0.1,1.0
576,"Pepaya muda, segar",100,29.0,4.9,2.1,0.1,2.1
577,"Petai, segar",100,92.0,15.2,5.4,1.1,2.0
578,"Peterseli, segar",100,53.0,9.0,3.7,1.0,
579,"Pucuk lumai/daun leunca, segar",100,33.0,2.8,4.5,0.4,
580,"Putri malu, segar",100,76.0,14.6,3.6,0.3,7.1
581,"Rebung, segar",100,25.0,5.3,0.8,0.1,9.7
582,"Rimbang, segar",100,75.0,15.8,1.6,0.6,10.0
583,Rumput laut,100,41.0,8.1,1.4,0.3,2.2
584,"Sawi, segar",100,28.0,4.0,2.3,0.3,2.5
585,"Sawi putih / pecai, segar",100,9.0,1.7,1.0,0.1,0.8
586,"Sawi taiwan, segar",100,30.0,4.4,1.9,0.5,2.7
587,"Sawi tanah, segar",100,19.0,2.9,1.3,0.2,2.2
588,"Selada, segar",100,18.0,2.9,1.2,0.2,1.8
589,"Selada air, segar",100,17.0,2.2,3.1,0.2,0.7
590,"Seledri, segar",100,23.0,4.6,1.0,0.1,2.0
591,"Taoge, segar",100,34.0,4.3,3.7,1.2,1.1
592,"Taoge kacang kedelai, segar",100,76.0,6.4,9.0,2.6,0.7
593,"Taoge kacang tunggak, segar",100,40.0,5.8,5.0,0.2,2.6
594,"Tebu terubuk (lilin), segar",100,30.0,3.0,4.6,0.4,0.8
595,"Tekokak, segar",100,34.0,7.9,2.0,0.1,4.9
596,"Tekokak, kering",100,302.0,72.6,8.3,1.7,21.2
597,"Terong, segar",100,28.0,5.5,1.1,0.2,2.1
598,"Terong asam, segar",100,37.0,6.3,2.0,0.4,3.2
599,"Terung belanda, segar",100,52.0,8.6,2.1,1.1,1.4
600,"Terung bengkulu, segar",100,52.0,11.2,1.1,0.4,3.2
601,"Terong hintalo, segar",100,45.0,7.5,1.9,0.8,5.1
602,Terung panjang,100,25.0,5.3,2.1,0.1,0.5
603,"Tomat, air (sari), segar",100,20.0,3.5,1.0,0.2,0.4
604,"Tomat merah, segar",100,24.0,4.7,1.3,0.5,
605,"Tomat muda, segar",100,24.0,3.3,2.0,0.7,1.8
606,"Uceng/ bunga melinjo, segar",100,82.0,11.7,5.8,1.3,4.8
607,"Umbut kelapa, segar",100,39.0,7.2,2.0,0.2,2.5
608,Umbut rotan,100,34.0,5.5,2.4,0.3,2.2
609,"Wortel, segar",100,36.0,7.9,1.0,0.6,1.0
610,Barongko,100,159.0,23.5,3.1,5.8,
611,Dodol nanas,100,338.0,80.3,1.5,1.2,
612,Getuk pisang,100,144.0,34.1,1.1,0.4,0.4
613,Keripik lampung,100,485.0,69.7,1.7,22.2,0.6
614,Ledre pisang,100,405.0,84.9,4.8,5.1,0.4
615,Lempog durian,100,320.0,63.7,3.5,5.7,4.9
616,Loka anjoro,100,163.0,30.0,1.1,4.3,
617,Rica-rica taipa,100,49.0,10.0,1.6,0.3,
618,Rujak aceh,100,82.0,19.7,0.4,0.3,2.4
619,Sale kesemek,100,296.0,71.4,1.1,0.6,
620,Sale pisang siam,100,281.0,66.1,2.4,0.7,1.0
621,"Sale pisang, cilacap",100,295.0,66.9,2.3,2.1,1.3
622,Sanggara belanda,100,242.0,38.2,6.4,7.1,
623,Tepung Pisang,100,338.0,80.6,2.9,0.4,5.3
624,Tepung Sukun,100,353.0,84.4,2.9,0.5,3.7
625,"Alpukat, segar",100,85.0,7.7,0.9,6.5,
626,"Anggur hutan, segar",100,30.0,6.8,0.5,0.2,1.2
627,"Apel malang, segar",100,57.0,12.8,0.5,0.4,0.8
628,"Apel, segar",100,58.0,14.9,0.3,0.4,2.6
629,"Arbai, segar",100,37.0,8.3,0.8,0.5,
630,"Belimbing, segar",100,36.0,8.8,0.4,0.4,3.3
631,"Biwah, segar",100,51.0,12.1,0.3,0.1,0.7
632,"Buah atung, segar",100,23.0,5.2,0.8,0.2,
633,"Buah kelenting, segar",100,110.0,21.4,1.4,2.1,
634,"Buah kom, segar",100,264.0,59.6,4.0,1.1,9.0
635,"Buah mentega (Bisbul), segar",100,39.0,9.7,0.7,0.2,2.0
636,"Buah Naga Merah, segar",100,71.0,9.1,1.7,3.1,3.2
637,"Buah Naga Putih, segar",100,56.0,10.9,0.8,1.0,3.2
638,"Buah negri, segar",100,55.0,12.2,1.2,0.1,5.2
639,"Buah nona, segar",100,101.0,25.2,1.7,0.6,2.8
640,"Buah rotan, segar",100,78.0,18.2,0.6,0.3,
641,"Buah rukam, segar",100,113.0,26.8,0.8,0.3,7.7
642,"Buah ruruhi, segar",100,29.0,3.6,2.1,0.7,2.6
643,"Buah tuppa, segar",100,67.0,15.9,0.4,0.2,
644,"Carica papaya, segar",100,24.0,3.7,1.9,0.2,1.0
645,"Cempedak, segar",100,116.0,28.6,3.0,0.4,3.4
646,"Duku, segar",100,63.0,16.1,1.0,0.2,4.3
647,"Durian, segar",100,134.0,28.0,2.5,3.0,3.5
648,"Duwet, segar",100,80.0,18.2,0.5,0.6,0.9
649,"Embacang, segar",100,98.0,25.4,1.4,0.2,1.9
650,"Encung asam, segar",100,122.0,17.5,3.5,4.5,9.3
651,"Erbis, segar",100,70.0,18.9,0.6,,7.7
652,Gandaria masak,100,68.0,18.0,0.7,0.1,2.2
653,"Gatep, segar",100,191.0,39.7,4.5,1.5,13.4
654,"Jambu air, segar",100,46.0,11.8,0.6,0.2,2.1
655,Jambu biji,100,49.0,12.2,0.9,0.3,2.4
656,Jambu biji putih tidak berbiji,100,61.0,15.4,0.9,0.3,4.5
657,"Jambu bol, segar",100,49.0,9.6,2.3,0.2,3.5
658,"Jambu monyet, segar",100,64.0,15.8,0.7,0.6,1.2
659,"Jeruk bali, segar",100,48.0,12.4,0.6,0.2,0.8
660,"Jeruk banjar, segar",100,61.0,14.1,0.8,0.2,
661,Jeruk garut-keprok,100,44.0,10.9,0.8,0.3,1.6
662,"Jeruk Kalamansi, segar",100,39.0,8.9,0.3,0.3,2.3
663,"Jeruk manis, segar",100,45.0,11.2,0.9,0.2,1.4
664,"Jeruk nipis, segar",100,44.0,10.0,0.5,0.2,0.4
665,"Jeruk ragi, segar",100,49.0,11.1,0.7,0.2,0.5
666,"Kawista, segar",100,120.0,20.8,3.5,2.5,4.6
667,"Kedondong masak, segar",100,46.0,10.3,1.0,0.1,2.6
668,"Kedondong, segar",100,47.0,10.4,0.5,0.2,2.7
669,"Kelapa hutan, kering",100,623.0,36.5,2.0,52.1,15.3
670,"Kelapa muda, daging, segar",100,68.0,14.0,1.0,0.9,
671,"Kemang, segar",100,48.0,11.9,1.0,0.2,1.7
672,"Kesemek, segar",100,78.0,20.0,0.8,0.4,0.6
673,"Kokosan, segar",100,86.0,13.0,1.6,0.2,1.4
674,"Kranji, segar",100,315.0,73.5,2.1,1.4,
675,"Langsat, segar",100,56.0,14.3,0.9,0.2,1.4
676,"Lemon, segar",100,34.0,6.2,0.5,0.8,0.1
677,"Lontar, segar",100,27.0,6.0,0.4,0.2,1.6
678,"Mangga, segar",100,52.0,12.3,0.7,,1.6
679,"Mangga benggala, segar",100,63.0,12.4,2.4,0.4,5.8
680,"Mangga gedung, segar",100,44.0,11.2,0.7,0.2,1.6
681,"Mangga golek, segar",100,63.0,16.7,0.5,0.2,2.3
682,"Mangga harumanis, segar",100,46.0,11.9,0.4,0.2,1.7
683,"Mangga indramayu, segar",100,72.0,18.7,0.8,0.2,2.5
684,"Mangga kopek, segar",100,56.0,14.6,0.4,0.2,2.0
685,"Mangga kwini, segar",100,86.0,19.8,0.7,0.5,6.5
686,"Mangga manalagi, segar",100,133.0,32.1,1.0,0.1,11.8
687,"Mangga muda, segar",100,59.0,15.1,0.5,0.4,
688,"Manggis, segar",100,63.0,15.6,0.6,0.6,1.5
689,"Markisa, segar",100,144.0,29.8,3.5,1.2,11.4
690,"Matoa, segar",100,90.0,21.1,1.2,0.1,0.5
691,"Melon, segar",100,37.0,7.8,0.6,0.4,1.0
692,"Menteng, segar",100,65.0,16.1,1.7,0.3,
693,"Nanas palembang, segar",100,58.0,13.3,0.7,0.2,1.6
694,"Nanas, segar",100,40.0,9.9,0.6,0.3,0.6
695,"Nangka masak pohon, segar",100,106.0,27.6,1.2,0.3,3.7
696,"Pala, daging, segar",100,42.0,10.9,0.3,0.2,0.5
697,"Pepaya, segar",100,46.0,12.2,0.5,12.0,1.6
698,"Pisang ambon, segar",100,108.0,24.3,1.0,0.8,1.9
699,"Pisang angleng (pisang ampyang), segar",100,68.0,17.2,1.3,0.2,0.8
700,"Pisang ayam, segar",100,120.0,26.8,1.1,0.2,4.1
701,"Pisang gapi, segar",100,127.0,31.1,2.1,0.3,11.7
702,"Pisang goroho, segar",100,115.0,27.9,1.9,0.2,4.6
703,"Pisang hijau, segar",100,117.0,28.9,2.0,0.3,0.4
704,"Pisang kayu, segar",100,100.0,23.6,1.4,0.5,2.6
705,"Pisang kepok, segar",100,109.0,26.3,0.8,0.5,5.7
706,"Pisang ketip, segar",100,145.0,34.5,1.1,0.3,6.6
707,"Pisang kidang, segar",100,96.0,22.5,1.0,0.2,0.6
708,"Pisang lampung, segar",100,99.0,25.6,1.3,0.2,4.3
709,"Pisang mas bali ampenan, segar",100,92.0,21.0,1.4,0.2,3.7
710,"Pisang mas bali kopang, segar",100,127.0,31.8,1.4,0.2,3.7
711,"Pisang mas, segar",100,127.0,33.6,1.4,0.2,1.4
712,"Pisang raja sereh, segar",100,108.0,28.2,1.3,0.3,0.7
713,"Pisang raja, segar",100,120.0,31.8,1.2,0.2,5.3
714,"Pisang rotan, segar",100,98.0,20.5,1.3,1.2,1.0
715,"Pisang talas, segar",100,113.0,26.7,1.2,0.2,4.4
716,Pisang tujuh bulan,100,94.0,22.5,0.6,0.2,3.7
717,"Pisang ua, segar",100,128.0,30.2,0.8,0.5,8.1
718,"Pisang uli, segar",100,134.0,35.5,1.1,0.5,1.4
719,"Purut, segar",100,76.0,15.2,4.1,1.1,1.7
720,"Rambutan binjai, segar",100,76.0,18.0,0.5,0.2,3.8
721,"Rambutan, segar",100,69.0,18.1,0.9,0.1,0.8
722,"Salak bali, segar",100,57.0,13.6,0.5,0.1,1.3
723,"Salak medan, segar",100,55.0,12.8,0.4,0.2,3.2
724,"Salak pondoh, segar",100,87.0,20.1,0.8,0.4,
725,"Salak, segar",100,77.0,20.9,0.4,,
726,"Sawo duren, segar",100,64.0,8.0,1.0,3.1,0.8
727,"Sawo kecik, segar",100,111.0,21.6,0.9,2.3,1.0
728,"Sawo Manila, segar",100,92.0,22.4,0.5,1.1,9.5
729,"Semangka, segar",100,28.0,6.9,0.5,0.2,0.4
730,"Sirsak, segar",100,65.0,16.3,1.0,0.3,3.2
731,"Sowa, segar",100,48.0,9.1,1.6,0.6,45.0
732,"Srikaya, segar",100,63.0,13.9,1.1,0.5,2.1
733,"Sukun muda, segar",100,119.0,28.1,1.4,0.2,1.4
734,"Sukun tua, segar",100,126.0,24.5,1.6,0.2,1.5
735,"Vigus, segar",100,44.0,8.3,2.4,0.1,
736,"Wani, segar",100,74.0,17.1,0.8,0.3,3.1
737,"Mentimun Suri, segar",100,16.0,2.1,1.3,0.0,0.9
738,"Blewah, segar",100,34.0,8.2,0.8,0.2,0.9
739,"Ayam, ampela, goreng",100,270.0,9.9,32.3,11.2,
740,"Ayam, usus, goreng",100,473.0,13.9,45.2,26.3,
741,"Bebek, daging, goreng",100,300.0,4.5,24.0,20.7,
742,"Buaya, daging, dendeng, mentah",100,365.0,30.8,49.6,4.8,
743,Ham,100,384.0,0.3,16.9,35.0,
744,"Itik alabio, daging, dendeng, mentah",100,496.0,18.4,30.3,33.5,
745,Kerupuk urat,100,588.0,1.2,53.7,40.9,
746,"Menjangan, daging, dendeng, mentah",100,322.0,22.7,55.8,2.0,
747,"Punai, daging, goreng",100,224.0,4.4,26.2,11.3,
748,"Rusa, daging, dendeng, mentah",100,536.0,,40.5,41.5,
749,"Sapi, abon",100,212.0,59.3,18.0,10.6,7.5
750,"Sapi, abon, asli",100,358.0,38.6,14.6,16.1,2.5
751,"Sapi, daging, asap",100,182.0,,32.0,6.0,
752,"Sapi, daging, dendeng, mentah",100,301.0,,55.0,9.0,
753,"Sapi, daging, kornet",100,289.0,,16.0,25.0,
754,"Sapi, daging, sosis (Worst)",100,448.0,2.3,14.5,42.3,
755,"Sapi, hati, sosis (liverworst)",100,274.0,3.0,16.0,22.0,2.3
756,"Sapi, paru, dendeng, mentah",100,360.0,19.2,57.3,6.0,
757,"Sapi, paru, goreng",100,268.0,14.5,23.9,12.7,
758,"Ulat sagu, panggang",100,380.0,14.9,11.9,30.3,4.8
759,"Ayam goreng church texas, dada",100,338.0,0.4,35.2,20.6,
760,"Ayam goreng church,texas paha",100,287.0,1.7,31.0,15.7,
761,"Ayam goreng church texas, sayap",100,295.0,1.5,34.0,16.0,
762,"Ayam goreng kalasan, paha",100,275.0,1.3,37.4,12.2,
763,"Ayam goreng kentucky, dada",100,298.0,0.1,34.2,16.8,
764,"Ayam goreng Kentucky, paha",100,286.0,1.1,32.1,16.1,
765,"Ayam goreng Kentucky,sayap",100,297.0,1.6,35.9,15.2,
766,Ayam goreng mbok berek dada,100,295.0,1.0,39.2,13.6,
767,"Ayam goreng pasundan, dada",100,246.0,0.7,37.9,9.0,
768,"Ayam goreng pasundan, paha",100,245.0,0.3,33.1,11.4,
769,"Ayam goreng pioneer, dada",100,295.0,0.6,37.4,14.7,
770,"Ayam goreng sukabumi, dada",100,244.0,1.0,36.7,9.2,
771,"Ayam goreng sukabumi, paha",100,283.0,0.5,35.7,14.3,
772,"Ayam taliwang, masakan",100,264.0,2.7,18.2,20.1,
773,"Babi hutan masak rica, masakan",100,491.0,0.2,24.6,16.3,
774,Beef burger,100,258.0,32.5,10.6,9.5,0.4
775,"Beef teriyaki, masakan",100,151.0,22.3,8.6,3.1,0.3
776,"Beef yakiniku, masakan",100,132.0,20.7,9.8,1.1,0.3
777,Brongkos,100,141.0,12.6,15.3,3.3,1.0
778,"Bulgogi, masakan",100,72.0,1.4,11.4,4.9,1.7
779,"Chicken teriyaki, masakan",100,168.0,7.5,13.0,9.6,0.8
780,"Chikiniku, masakan",100,143.0,22.8,9.8,1.4,0.4
781,"Coto mangkasara, kuda, masakan",100,96.0,3.8,6.8,5.9,
782,"Coto mangkasara, sapi, masakan",100,84.0,1.4,6.0,6.0,
783,"Djibokum, masakan",100,248.0,40.9,10.0,2.3,0.1
784,"Empal (daging) Goreng, masakan",100,248.0,10.1,36.2,6.9,
785,Gulai kambing,100,126.0,6.2,4.2,9.4,
786,"Jangang bintatoeng, masakan",100,107.0,16.5,5.3,2.2,
787,"Kalio ayam, masakan",100,203.0,4.4,16.0,13.5,
788,"Kalio jeroan, masakan",100,163.0,4.1,16.5,9.0,
789,"Kalio kikil (tunjang), masakan",100,122.0,3.9,13.8,5.7,
790,"Kalio otak, masakan",100,157.0,11.4,8.1,8.8,
791,"Lawar babi, masakan",100,174.0,3.0,17.0,10.0,
792,"Lawar penyu, masakan",100,141.0,7.6,23.0,1.5,
793,"Lawara jangang, masakan",100,159.0,10.1,5.0,10.9,
794,"Naan maran sapi, masakan",100,478.0,5.1,38.3,33.9,
795,"Nasu likku, masakan",100,196.0,15.9,14.5,8.3,
796,"Oramu ninahu ndawa olaho, masakan",100,117.0,4.3,13.7,5.0,
797,"Paniki masak santan, masakan",100,460.0,7.2,28.5,35.2,
798,"Pelolah manuk, masakan",100,219.0,4.4,19.7,13.6,
799,"Rawon, masakan",100,60.0,4.0,5.4,2.5,0.3
800,"Rendang sapi, masakan",100,193.0,7.8,22.6,7.9,
801,"RW, anjing, masakan",100,198.0,0.9,24.6,10.7,
802,"Sate, penyu, masakan",100,179.0,13.3,22.5,3.5,
803,"Sate pusut, masakan",100,274.0,13.6,12.9,18.6,
804,"Penyu, serapah, masakan",100,174.0,2.2,13.1,12.2,
805,"Sie reuboh, masakan",100,474.0,11.7,11.2,42.5,
806,"Sop buntut, masakan",100,71.0,2.2,7.5,3.6,
807,"Sop daging sapi, masakan",100,49.0,5.3,5.8,0.5,
808,"Sop kaki sapi, masakan",100,68.0,3.7,9.0,1.9,
809,"Sop kambing, masakan",100,34.0,1.1,5.5,0.8,
810,"Sop konro, masakan",100,71.0,4.5,7.4,2.6,
811,"Sop saudara, masakan",100,89.0,3.9,7.2,5.0,
812,"Soto bandung, masakan",100,42.0,2.8,3.9,1.7,0.4
813,"Soto banjar, masakan",100,110.0,3.2,2.9,9.5,
814,"Soto betawi, masakan",100,135.0,11.5,2.5,8.8,0.5
815,"Soto jeroan, masakan",100,92.0,1.4,11.8,4.3,
816,"Soto kudus, masakan",100,38.0,1.8,2.6,2.3,0.2
817,"Soto madura, masakan",100,60.0,1.3,3.5,4.5,
818,"Soto padang, masakan",100,127.0,11.0,5.9,6.6,0.7
819,"Soto pekalongan, masakan",100,94.0,5.1,3.0,6.8,0.3
820,"Soto pemalang, masakan",100,75.0,3.5,3.6,5.2,
821,"Soto sukaraja, masakan",100,80.0,9.0,3.2,3.5,0.3
822,"Soto sulung, masakan",100,86.0,,2.3,8.5,
823,"Sukiyaki, masakan",100,75.0,12.2,5.6,0.4,0.2
824,"Tedong pallu basa, masakan",100,83.0,2.8,10.4,3.4,
825,"Tikus rica, masakan",100,257.0,3.8,18.8,18.5,
826,"Tinoransa, masakan",100,516.0,,17.7,49.5,
827,"Anak sapi, daging, gemuk, segar",100,184.0,,18.8,14.0,
828,"Anak sapi, daging, kurus, segar",100,174.0,,19.6,10.0,
829,"Anak sapi, daging, sedang, segar",100,190.0,,19.1,12.0,
830,"Angsa, daging, segar",100,349.0,,16.4,31.5,
831,"Ayam, daging, segar",100,298.0,,18.2,25.0,
832,"Ayam, dideh/darah, segar",100,75.0,0.7,13.8,1.9,
833,"Ayam, hati, segar",100,261.0,1.6,27.4,16.1,
834,"Babi, daging, gemuk,segar",100,453.0,,11.9,45.0,
835,"Babi, daging, kurus, segar",100,371.0,,14.1,35.0,
836,"Babi, ginjal, segar",100,110.0,0.8,16.3,4.6,
837,"Babi, hati, segar",100,129.0,1.7,19.7,4.8,
838,"Bebek (itik), daging, segar",100,321.0,,16.0,28.6,
839,"Bebek alabio, daging, segar",100,303.0,3.7,11.3,27.0,
840,"Belibis, daging, segar",100,131.0,2.8,20.2,4.3,
841,"Burung, sarang, segar",100,281.0,32.1,37.5,0.3,
842,"Domba, daging, gemuk, segar",100,317.0,,15.7,27.7,
843,"Domba, daging, kurus, segar",100,202.0,,17.1,14.8,
844,"Domba, ginjal, segar",100,100.0,1.0,16.6,3.3,
845,"Kambing, daging, segar",100,149.0,,16.6,9.2,
846,"Kelinci, daging, segar",100,142.0,,16.9,7.8,
847,"Kerbau, daging, segar",100,79.0,,18.7,0.5,
848,"Kuda, daging, segar",100,113.0,0.9,18.1,4.1,
849,"Sapi, babat, segar",100,108.0,,17.6,4.2,
850,"Sapi, daging, gemuk, segar",100,273.0,,17.5,22.0,
851,"Sapi, daging, kurus, segar",100,174.0,,19.6,10.0,
852,"Sapi, daging, lemak sedang, segar",100,201.0,,18.8,14.0,
853,"Sapi, daleman, segar",100,183.0,1.4,12.0,14.4,
854,"Sapi, dideh/darah",100,98.0,,21.9,1.1,
855,"Sapi, ginjal, segar",100,137.0,0.9,15.0,8.1,
856,"Sapi, keleponan, segar",100,84.0,0.2,10.5,4.6,
857,"Sapi, liver, segar",100,132.0,6.0,19.7,3.2,
858,"Sapi, otak, segar",100,123.0,0.8,10.4,8.6,
859,"Sapi, usus, segar",100,126.0,1.5,14.0,7.2,
860,Ulat sagu segar,100,241.0,5.8,5.8,21.6,2.8
861,"Bekicot, dendeng, mentah",100,441.0,15.8,48.7,20.3,
862,"Belut, goreng",100,417.0,32.0,25.9,19.4,
863,"Cumi-cumi, goreng",100,265.0,,40.6,10.1,
864,"Ikan asin, kering",100,193.0,,42.0,1.5,
865,"Ikan bandeng presto, masakan",100,296.0,11.3,17.1,20.3,
866,Ikan baung bakar,100,144.0,5.2,17.8,5.8,
867,Ikan Belida bakar,100,128.0,7.2,18.0,3.0,
868,"Ikan cakalang asap, mentah",100,204.0,1.9,34.2,5.6,
869,"Ikan cakalang asin, mentah",100,198.0,5.5,36.5,2.2,
870,"Ikan calo/ peda, mentah",100,81.0,3.8,11.4,1.9,
871,"Ikan Gabus asap, mentah",100,261.0,21.9,38.1,2.3,
872,"Ikan Gabus, kering",100,268.0,,58.0,4.0,
873,"Ikan gete, goreng",100,267.0,0.2,23.1,19.4,
874,"Ikan hiu, kering",100,298.0,20.2,46.3,3.6,
875,"Ikan katombo, asin",100,162.0,0.3,31.7,2.8,
876,"Ikan kayu, kering",100,302.0,0.4,70.7,1.9,
877,Ikan Lais bakar,100,147.0,5.4,17.5,6.5,
878,"Ikan lomak asin, mentah",100,258.0,18.9,40.3,2.3,
879,Ikan Mas pepes,100,209.0,11.8,15.2,11.3,0.5
880,Ikan mujahir goreng,100,416.0,,46.9,23.9,
881,Ikan Mujahir pepes,100,121.0,0.8,21.7,2.8,
882,"Ikan mujahir, dendeng, mentah",100,582.0,37.2,68.3,15.2,
883,"Ikan Papuyu, bakar",100,152.0,6.7,17.6,6.1,
884,"Ikan Patin, bakar",100,144.0,4.3,17.5,6.3,
885,"Ikan peda banjar, mentah",100,156.0,2.0,28.0,4.0,
886,"Ikan pepetek, mentah",100,176.0,2.0,32.0,4.4,
887,"Ikan Pindang banjar, mentah",100,157.0,1.8,28.0,4.2,
888,"Ikan Pindang benggol, mentah",100,170.0,,31.0,4.2,
889,"Ikan Pindang layang, mentah",100,153.0,,30.0,2.8,
890,"Ikan Pindang selar, mentah",100,142.0,,27.0,3.0,
891,"Ikan sale lais, mentah",100,415.0,2.9,61.3,17.6,
892,"Ikan saluang, kering, mentah",100,284.0,14.6,34.1,9.9,
893,"Ikan sanggang, masakan",100,240.0,20.7,21.7,7.7,
894,"Ikan selar kuning, cue, mentah",100,138.0,,27.0,3.3,
895,"Ikan selar, kering, mentah",100,194.0,,38.0,3.5,
896,"Ikan sepat, kering, mentah",100,289.0,,38.0,14.0,
897,"Ikan sunu, asin, mentah",100,199.0,7.1,34.1,3.8,
898,"Ikan, tepung, mentah",100,316.0,22.4,60.1,6.5,
899,"Ikan Teri nasi, kering, mentah",100,144.0,,32.5,0.6,
900,"Ikan Teri, bubuk, mentah",100,277.0,1.8,60.0,2.3,
901,"Ikan teri, kering, mentah",100,170.0,,33.4,3.0,
902,"Ikan Teri, kering, tawar, mentah",100,331.0,,68.7,4.2,
903,"Ikan Teri, tepung, mentah",100,347.0,19.6,48.8,6.4,
904,"Kerang, asap, mentah",100,393.0,29.4,38.9,13.3,
905,"Kerang, dendeng, mentah",100,357.0,25.6,41.1,10.0,
906,"Rebon, kering, mentah",100,299.0,3.2,59.4,3.6,
907,"Rebung laut, mentah",100,320.0,63.3,7.2,4.2,
908,Rusip,100,110.0,11.7,11.5,2.0,
909,Sardines dalam kaleng,100,338.0,1.0,21.1,27.0,
910,"Teripang, dendeng, mentah",100,462.0,3.5,39.1,32.4,
911,"Udang kering, mentah",100,278.0,2.2,62.6,4.1,
912,"Udang papay, mentah",100,273.0,12.5,47.8,3.8,
913,Abon haruwan,100,513.0,21.3,23.7,37.0,
914,Abon ikan,100,435.0,36.1,27.2,20.2,
915,"Betok wadi, masakan",100,145.0,4.1,16.3,7.0,
916,"Bou ninahu ndamate, masakan",100,79.0,1.1,6.3,1.0,
917,"Bouiki ninahu nggaluku, masakan",100,94.0,10.8,7.8,2.2,
918,Cakalang asar (asap papua),100,155.0,10.2,20.1,3.8,
919,"Dendeng belut, goreng",100,382.0,8.0,55.7,14.1,
920,"Dendeng mujahir, goreng",100,598.0,9.2,74.3,26.9,
921,Fillet o-fish,100,270.0,19.3,12.3,15.9,0.2
922,"Gete kuah asam, masakan",100,75.0,6.0,8.2,2.0,
923,"Gulai asam keueung, masakan",100,52.0,1.8,10.0,0.5,
924,"Gulai ikan paya, masakan",100,148.0,5.0,10.0,9.8,
925,"Gulai ikan, masakan",100,106.0,2.5,16.5,3.3,
926,"Gulai keumamah, masakan",100,110.0,3.2,5.9,8.2,
927,"Gulai tiram, masakan",100,132.0,7.8,9.0,7.2,
928,"Gurame asem manis, masakan",100,192.0,12.7,12.7,10.1,
929,"Ikan asar merah, masakan",100,146.0,5.6,17.7,5.9,
930,Jambal goreng,100,286.0,2.3,48.5,9.2,
931,"Jukku pallu kaloa, masakan",100,15.0,8.8,15.2,4.3,
932,"Kaholeo, masakan",100,413.0,29.8,28.7,19.8,
933,"Lawara penjah, masakan",100,207.0,9.6,7.4,15.4,
934,"Model, masakan",100,79.0,8.6,2.2,4.0,
935,"Mujahir acar kuning, masakan",100,330.0,12.1,17.8,23.4,1.1
936,"Parede baleh, masakan",100,87.0,5.5,10.5,2.5,
937,Pempek adaan,100,162.0,27.8,4.9,3.0,
938,Pempek belida,100,156.0,31.6,4.2,1.4,0.2
939,Pempek kapal selam,100,152.0,28.2,4.5,2.3,
940,Pempek kelesan,100,211.0,26.6,12.3,6.1,0.4
941,Pempek kulit,100,243.0,39.1,5.2,7.3,
942,Pempek telur,100,156.0,28.3,4.7,2.7,
943,Pempek tenggiri,100,173.0,33.4,7.2,1.2,0.2
944,"Pencok lele, masakan",100,372.0,3.5,7.8,36.3,
945,"Pinda, masakan",100,107.0,0.4,15.9,0.6,
946,"Pindang kenari, masakan",100,124.0,,9.5,9.6,
947,"Saboko gurita, masakan",100,87.0,2.6,15.7,1.5,
948,"Saboko saltan, masakan",100,113.0,3.0,17.1,3.6,
949,"Saboko sardin, masakan",100,110.0,4.9,12.9,4.3,
950,Sate Bandeng,100,283.0,20.9,12.1,16.8,2.0
951,"Sepi, masakan",100,88.0,10.6,7.9,1.6,
952,Tekwan,100,53.0,9.4,1.9,0.9,
953,"Teri balado, masakan",100,365.0,17.5,23.7,22.3,
954,Tumis bandeng,100,189.0,0.6,11.3,15.7,
955,Tumis keumamah,100,300.0,15.5,14.5,20.0,4.5
956,"Ikan bader, segar",100,193.0,,19.0,13.0,
957,"Ikan balong, segar",100,107.0,1.5,16.5,3.9,
958,"Ikan bambangan, segar",100,112.0,3.7,20.0,1.3,
959,"Ikan bandeng, segar",100,123.0,,20.0,4.8,
960,"Ikan banjar, segar",100,111.0,4.8,19.4,0.9,
961,"Ikan baronang, segar",100,78.0,3.7,14.5,0.6,
962,"Ikan batung, segar",100,115.0,4.2,14.5,4.6,
963,"Ikan baung, segar",100,123.0,3.3,15.1,5.5,
964,"Ikan bawal, segar",100,91.0,,19.0,1.7,
965,"Ikan Belida, segar",100,80.0,2.2,14.7,1.4,
966,"Belut, segar",100,70.0,1.0,14.6,0.8,
967,"Belut,laut, segar",100,93.0,6.1,12.8,1.5,
968,"Ikan beunteur, segar",100,109.0,,17.0,4.0,
969,"Ikan biawan, segar",100,90.0,2.1,14.9,2.5,
970,"Ikan bili, segar",100,88.0,6.2,14.2,0.7,
971,"Ikan bubara, segar",100,100.0,4.9,14.7,2.4,
972,"Ikan bulan-bulan, segar",100,134.0,5.0,25.5,1.3,
973,"Ikan, cakalang, segar",100,107.0,5.5,19.6,0.7,
974,"Ikan cakalang, hati, segar",100,120.0,10.0,11.3,3.9,
975,"Ikan cakalang, jantung, segar",100,116.0,10.2,11.2,1.2,
976,"Ikan cakalang, perut, segar",100,86.0,8.7,10.2,1.1,
977,"Cumi-cumi, segar",100,75.0,0.1,16.1,0.7,
978,"Ikan daun, segar",100,101.0,4.6,11.5,4.1,
979,"Ikan ekor kuning, segar",100,108.0,2.1,22.3,1.2,
980,"Ikan gabus, segar",100,80.0,2.6,16.2,0.5,
981,"Ikan Heu, segar",100,81.0,6.6,10.0,1.6,
982,"Ikan hitam, segar",100,101.0,6.7,10.3,3.7,
983,"Ikan hiu, segar",100,57.0,2.2,10.7,0.3,
984,"Ikan kacangan, segar",100,77.0,1.6,15.6,0.9,
985,"Ikan kakap, segar",100,92.0,,20.0,0.7,
986,"Ikan kakatua, segar",100,82.0,6.4,11.4,1.2,
987,"Ikan kalaban, segar",100,77.0,1.3,16.4,0.7,
988,"Ikan Kamera, segar",100,86.0,,19.7,0.8,
989,"Ikan kapar, segar",100,132.0,0.8,17.0,6.7,
990,"Ikan kawalinya, segar",100,110.0,5.4,12.6,4.2,
991,"Ikan oci, kembung, segar",100,125.0,2.2,21.3,3.4,
992,"Keong, segar",100,64.0,2.0,12.0,1.0,
993,"Kepiting, segar",100,151.0,14.1,13.8,3.8,
994,"Kerang, segar",100,101.0,3.9,14.4,2.6,
995,"Ikan keru-keru, segar",100,93.0,0.8,16.5,2.1,
996,"Ikan kima, segar",100,70.0,5.2,10.8,0.7,
997,"Kodok, segar",100,73.0,,16.4,0.3,
998,"Kura-kura, segar",100,83.0,,19.1,0.2,
999,"Kuro, segar",100,87.0,1.0,16.0,2.2,
1000,"Ikan lais, segar",100,161.0,2.4,11.9,11.5,
1001,"Ikan layang, segar",100,109.0,,22.0,1.7,
1002,"Ikan layur, segar",100,82.0,0.4,18.0,1.0,
1003,"Ikan lehoma, segar",100,90.0,,20.4,0.9,
1004,"Ikan lemuru, segar",100,112.0,,20.0,3.0,
1005,"Ikan lidah, segar",100,104.0,2.0,15.6,3.2,
1006,"Lokan, segar",100,217.0,5.1,11.0,1.7,
1007,"Ikan malalugis, segar",100,99.0,0.9,20.6,1.4,
1008,"Ikan mamar merah, segar",100,115.0,4.4,15.3,4.0,
1009,"Ikan mas, segar",100,86.0,,16.0,2.0,
1010,"Ikan mayong, segar",100,97.0,0.4,17.9,2.0,
1011,"Ikan mujahir, segar",100,89.0,,18.7,1.0,
1012,"Ikan nasu metti, segar",100,154.0,10.5,16.8,5.0,
1013,"Ikan paling, segar",100,303.0,,14.0,27.0,
1014,"Ikan papuyu/ betok, segar",100,120.0,4.6,14.3,4.9,
1015,"Ikan Patin, segar",100,132.0,1.1,17.0,6.6,
1016,"Ikan pomo, segar",100,147.0,2.6,22.5,5.2,
1017,"Ikan Puntin, segar",100,76.0,2.2,14.4,1.1,
1018,"Rajungan, segar",100,76.0,2.4,12.1,2.0,
1019,"Rebon, udang kecil, segar",100,81.0,0.7,16.2,1.2,
1020,"Ikan saluang, segar",100,113.0,3.4,13.9,4.9,
1021,"Ikan sarden, segar",100,109.0,3.4,19.9,1.8,
1022,"Ikan selar, segar",100,100.0,,18.8,2.2,
1023,"Ikan sepat, segar",100,84.0,4.7,15.2,0.6,
1024,"Ikan sidat, segar",100,81.0,3.8,11.4,1.9,
1025,"Ikan sunu, segar",100,111.0,6.7,13.3,3.4,
1026,"Ikan tahuman, segar",100,88.0,4.1,15.9,0.9,
1027,"Ikan Sale, segar",100,534.0,4.9,40.2,39.3,2.0
1028,"Ikan tarmon, segar",100,96.0,2.0,19.5,1.1,
1029,"Ikan telan, segar",100,95.0,6.5,15.8,0.7,
1030,"Ikan tembang, segar",100,204.0,,16.0,15.0,
1031,"Ikan tempahas, segar",100,101.0,1.0,15.1,4.1,
1032,"Ikan terbang, segar",100,98.0,1.0,19.6,1.7,
1033,"Ikan teri, segar",100,74.0,4.1,10.3,1.4,
1034,"Ikan titang, segar",100,82.0,2.3,17.4,0.4,
1035,"Ikan tongkol, segar",100,100.0,8.0,13.7,1.5,
1036,"Ikan turi, segar",100,96.0,0.2,19.2,2.0,
1037,"Udang, besar, segar",100,56.0,1.2,11.4,0.6,
1038,"Udang galah, segar",100,81.0,3.0,16.5,0.3,
1039,"Udang, segar",100,91.0,0.1,21.0,0.2,
1040,"Telur ayam, dadar, masakan",100,251.0,1.4,16.3,19.4,
1041,"Telur bebek, asin, mentah",100,179.0,4.4,13.6,13.3,
1042,"Telur bebek, dadar, masakan",100,301.0,,20.0,23.7,
1043,"Ikan, telur, asin, mentah",100,358.0,9.4,20.7,26.4,
1044,"Bayau mi balu, masakan",100,313.0,44.8,6.0,12.2,
1045,"Cucuru bayau, masakan",100,349.0,38.3,6.8,18.7,
1046,"Kalio telur, masakan",100,193.0,9.7,10.6,12.4,
1047,"Telur ayam kampung, segar",100,174.0,1.2,10.8,14.0,
1048,"Telur ayam ras, segar",100,154.0,0.7,12.4,10.8,
1049,"Telur ayam ras, bagian kuning, segar",100,355.0,0.7,16.3,31.9,
1050,"Telur ayam ras, bagian putih, segar",100,50.0,0.8,10.8,,
1051,"Telur bebek alabio, segar",100,187.0,3.0,11.8,14.2,
1052,"Telur bebek, bagian kuning, segar",100,386.0,0.8,17.0,35.0,
1053,"Telur bebek, bagian putih, segar",100,54.0,0.8,11.0,,
1054,"Telur bebek tambak, segar",100,187.0,7.9,10.9,12.4,
1055,"Telur burung maleo, segar",100,436.0,0.4,26.5,36.3,
1056,"Telur penyu, segar",100,136.0,2.7,8.6,10.1,
1057,"Telur burung puyuh, segar",100,116.0,1.6,10.7,7.0,
1058,Es krim,100,210.0,20.6,4.0,12.5,
1059,Hangop,100,65.0,3.5,10.0,1.0,
1060,Keju,100,326.0,13.1,22.8,20.3,
1061,Kwark (Quark),100,242.0,3.0,19.0,17.0,
1062,"Susu asam untuk bayi, bubuk",100,418.0,65.5,19.0,9.0,
1063,Susu bubuk,100,513.0,36.2,24.6,30.0,
1064,Susu kental manis,100,343.0,55.0,8.2,10.0,
1065,Susu kental tak manis,100,138.0,9.9,7.0,7.9,
1066,"Susu skim, bubuk",100,359.0,52.0,35.6,1.0,
1067,"Susu skim, segar",100,36.0,5.1,3.5,0.1,
1068,"Yoghurt, segar",100,52.0,4.0,3.3,2.5,
1069,"Kepala susu - krim, segar",100,204.0,4.0,2.6,20.0,
1070,Susu ibu - ASI,100,62.0,7.0,1.5,3.2,
1071,"Susu kambing, segar",100,64.0,6.6,4.3,2.3,
1072,"Susu kerbau, segar",100,160.0,7.1,6.3,12.0,
1073,"Susu kuda, segar",100,40.0,5.4,2.0,1.1,
1074,"Susu sapi, segar",100,61.0,4.3,3.2,3.5,
1075,Margarin,100,720.0,0.4,0.6,81.0,
1076,Mentega,100,742.0,1.4,0.5,81.6,
1077,Santan (dengan air),100,122.0,7.6,2.0,10.0,1.4
1078,Santan murni,100,324.0,5.6,4.2,34.3,
1079,"Kelapa setengah tua, daging, segar",100,180.0,10.0,4.0,15.0,2.4
1080,"Kelapa tua, daging, segar",100,359.0,14.0,3.4,34.7,4.7
1081,Lemak babi (lard),100,902.0,,,100.0,
1082,Lemak babi (bacon),100,626.0,1.1,9.1,65.0,
1083,Lemak ikan,100,372.0,14.4,12.0,29.4,
1084,Lemak kerbau (lemak sapi),100,818.0,,1.5,90.0,
1085,"Minyak hiu, hati",100,902.0,,,100.0,
1086,Minyak ikan,100,902.0,,,100.0,
1087,Minyak kacang tanah,100,902.0,,,100.0,
1088,Minyak kedelai,100,883.0,,,99.9,
1089,Minyak kelapa,100,870.0,,1.0,98.0,
1090,Minyak kelapa sawit,100,884.0,,,100.0,
1091,Minyak wijen,100,881.0,,0.2,99.7,
1092,Minyak Zaitun,100,884.0,,,100.0,
1093,"Coklat manis, batang",100,527.0,62.7,2.0,29.8,6.5
1094,"Coklat pahit,batang",100,615.0,29.2,5.5,42.6,10.8
1095,"Coklat susu, batang",100,565.0,53.6,9.0,35.0,3.4
1096,Coklat bubuk,100,311.0,48.9,8.0,4.0,32.6
1097,Gula aren,100,368.0,92.0,,,
1098,Gula kelapa,100,386.0,76.0,3.0,10.0,
1099,Gula putih,100,394.0,94.0,,,
1100,"Jam, selai",100,239.0,64.5,0.5,0.6,1.0
1101,Kopi bubuk instant,100,129.0,35.0,12.3,0.5,
1102,Madu,100,294.0,79.5,0.3,,0.2
1103,Markisa squash,100,217.0,49.6,2.5,1.0,
1104,"Markisa squash, BD",100,104.0,23.7,1.2,0.5,
1105,Melase,100,276.0,71.0,,0.1,
1106,Sirup,100,213.0,55.0,,,
1107,Sirup pirous,100,228.0,55.9,0.2,0.4,
1108,Teh hijau daun kering,100,300.0,53.6,28.3,4.8,9.6
1109,Teh hitam daun kering,100,293.0,58.8,24.5,2.8,8.7
1110,Teh melati daun kering,100,299.0,59.0,24.1,3.5,9.7
1111,Balichong,100,152.0,22.9,13.2,0.8,1.5
1112,Bekasam,100,116.0,6.1,11.9,4.9,3.5
1113,Bekasang,100,78.0,3.6,11.4,2.0,0.4
1114,Cuka,100,21.0,5.0,0.1,0.1,
1115,Kecap,100,71.0,9.0,5.7,1.3,
1116,Petis ikan,100,165.0,20.8,20.0,0.2,
1117,Petis udang kering,100,345.0,59.3,23.8,1.4,
1118,Petis udang pasta,100,220.0,38.0,15.0,0.9,2.3
1119,Saos tomat,100,110.0,24.5,2.0,0.4,0.9
1120,Tempoya,100,110.0,21.9,1.7,1.3,2.6
1121,Terasi,100,155.0,9.9,22.3,2.9,2.7
1122,Terasi dobo,100,191.0,6.6,33.1,3.6,1.6
1123,Terasi merah,100,174.0,5.6,30.0,3.5,2.2
1124,"Asam arang coklat, segar",100,130.0,30.9,0.5,1.1,1.5
1125,"Asam arang merah, segar",100,99.0,20.3,0.8,1.6,2.8
1126,"Asam kandis, kering",100,261.0,63.3,0.9,1.6,5.0
1127,"Asam kandis, segar",100,75.0,16.1,0.2,1.1,3.4
1128,"Asam masak pohon, segar",100,267.0,62.5,2.8,0.6,1.2
1129,"Asam payak, segar",100,135.0,32.1,0.8,0.4,10.0
1130,"Bawang merah, segar",100,46.0,9.2,1.5,0.3,1.7
1131,"Bawang putih, segar",100,112.0,23.1,4.5,0.2,0.6
1132,"Boros kunci, segar",100,40.0,7.2,1.0,0.8,1.0
1133,"Boros laja (lengkuas), segar",100,26.0,4.7,1.0,0.3,1.1
1134,"Cabai gembor merah, segar",100,38.0,6.3,1.6,0.8,1.6
1135,"Cabai hijau, segar",100,26.0,5.2,0.7,0.3,2.6
1136,"Cabai merah, kering",100,367.0,61.8,15.9,6.2,26.9
1137,"Cabai merah, segar",100,36.0,7.3,1.0,0.3,1.4
1138,"Cabai rawit, segar",100,120.0,19.9,4.7,2.4,15.2
1139,"Cengkeh, kering",100,330.0,57.4,5.2,8.9,10.0
1140,"Daun salam, bubuk",100,301.0,49.0,14.2,10.9,9.4
1141,"Jahe, segar",100,51.0,10.1,1.5,1.0,12.0
1142,Kemiri,100,675.0,8.0,19.0,63.0,3.0
1143,"Ketumbar, kering",100,418.0,54.2,14.1,16.1,12.3
1144,Kluwek,100,310.0,13.5,10.0,24.0,
1145,"Kunyit, segar",100,69.0,9.1,2.0,2.7,0.6
1146,"Merica, kering",100,365.0,64.4,11.5,6.8,1.0
1147,"Pala, biji, kering",100,518.0,40.1,7.5,36.4,3.5
1148,"Kelapa muda, air, segar",100,17.0,3.8,0.2,0.1,
